ts	phase	decision	why	evidence	result
2026-09-12T15:00:00Z	frame	use six dependent PRs with high verification rigor	authentication private media and production infrastructure have high blast radius	docs/studio/plan.md	OPEN
2026-09-12T15:02:00Z	boundary	add an isolated apps/studio Worker	the marketing and private production applications have different users data and release cadence	docs/studio/architecture.md	VERIFIED
2026-09-12T15:04:00Z	data	use native D1 for Better Auth and direct prepared SQL for Studio	one metadata store and no unused abstraction keeps request traces short	docs/studio/architecture.md	VERIFIED
2026-09-12T15:06:00Z	media	use authenticated Worker-mediated R2 multipart uploads	parts stay below request limits while every byte write retains session authorization	/private/tmp/yatb-studio-arena.NmfgPL/candidate-1/design.md	VERIFIED
2026-09-12T15:08:00Z	playback	start with authenticated R2 range playback and defer Stream	the requested controls work for browser-compatible exports and format fixtures can prove whether transcoding is needed	docs/studio/architecture.md	OPEN
2026-09-12T15:10:00Z	email	use Cloudflare Email Routing sends restricted to verified product users	the initial dashboard state had no eligible Email Sending zone; onboarding studio-mail.youraveragetechbro.com later replaced this design	docs/studio/architecture.md	REJECTED
2026-09-12T15:12:00Z	verification	create verify-studio in PR STUDIO-01 and maintain it after every later direct proof	a runnable verification contract must exist before feature breadth grows	.agents/skills/verify-studio/SKILL.md	VERIFIED
2026-09-12T15:14:00Z	delivery	use autopilot-full with merge-then-branch dependencies	each PR should land as a coherent production-shaped increment instead of one coupled final stack	docs/studio/plan.md	OPEN
2026-09-12T16:00:00Z	delivery	let the root review evidence and merge without an operator pause	the user granted autonomous implementation and merge authority	docs/studio/plan.md	VERIFIED
2026-09-12T16:30:00Z	auth	use D1 as the sole runtime allowlist source	a fixed application list would drift from administrator revocation	apps/studio/src/server/auth.server.ts	VERIFIED
2026-09-12T16:32:00Z	build	accept only the expected generated probe environment file, delete it, then scan the emitted bundle for the probe value	Cloudflare Vite copies an app-local .dev.vars file into its server output; deployment output must contain neither that file nor the secret value	apps/studio/scripts/build.mjs	VERIFIED
2026-09-12T16:34:00Z	ui	use native light dark and system themes with a pre-CSS initializer	the stored choice applies before paint without adding a runtime dependency	apps/studio/src/routes/__root.tsx	VERIFIED
2026-09-12T16:45:00Z	performance	use a 25 ms additive list overhead limit instead of a ratio against the empty trunk shell	trunk production p95 is 10.9 ms so a ratio overstates a 6.9 ms planning cost; the 750 ms list and 300 ms board ceilings remain	artifacts/studio/STUDIO-02-performance.txt	VERIFIED
2026-09-12T17:00:00Z	media-state	keep multipart identifiers and part receipts in D1 behind opaque application IDs	server-owned receipts make retry and completion recovery possible without exposing private R2 state	apps/studio/src/server/media.server.ts	VERIFIED
2026-09-12T17:02:00Z	media-delivery	use task-scoped same-origin Worker routes for upload and range delivery	a parent-task join prevents confused-deputy file access while streamed bodies stay within Worker memory	apps/studio/src/server/media-http.server.ts	VERIFIED
2026-09-12T17:04:00Z	media-performance	measure upload-attributable heap growth against the idle authenticated Worker baseline instead of applying a 64 MiB absolute heap ceiling	the inspector measured an 85306104 B idle framework heap before any media body and a 96469832 B peak during the fixture probe, disproving the absolute rule while bounding upload growth to 11163728 B	artifacts/studio/STUDIO-03-performance.txt	VERIFIED
2026-09-12T17:10:00Z	ui-ownership	move shadcn source, fonts, and monochrome tokens into one source-distributed @yatb/ui workspace	Web and Studio are now two real consumers and app-local copies would drift	packages/ui, docs/studio/ui-system.md	VERIFIED
2026-09-12T17:12:00Z	ui-scope	install only primitives with current callers and use explicit subpath exports	a small public surface avoids a speculative component library and keeps app dependencies visible	packages/ui/package.json	VERIFIED
2026-09-12T17:14:00Z	rich-editor	capture the selected editor range before button focus and apply the link directly when the Dialog submits	Radix modal focus made the old focus-and-execCommand path lose the selected text	apps/studio/src/components/rich-editor.tsx	OPEN
2026-09-12T17:20:00Z	rich-editor	stop the portaled link form submit at its React boundary and distinguish pending local HTML from applied prop HTML	portal events bubble through the React tree even when the DOM form is elsewhere; the outer video submit persisted and reloaded the stale script until propagation was stopped	apps/studio/src/components/rich-editor.tsx	VERIFIED
2026-09-12T17:30:00Z	draft-publication	publish draft media metadata version and ready upload state in one D1 batch behind the existing upload completion boundary	a separate promotion call would expose an uploaded-but-not-a-draft recovery state while unified completion can reuse the proven R2 reconciliation lease	apps/studio/src/server/media.server.ts	VERIFIED
2026-09-12T17:32:00Z	draft-idempotency	reserve draft identity at upload begin and adopt an existing draft by media identity before allocating a version	stable identities and database uniqueness make repeated or ambiguous completion converge without duplicate versions	apps/studio/migrations/0004_reviews.sql	VERIFIED
2026-09-12T17:34:00Z	review-attachments	store comment attachments once as parent-task footage and link them with composite same-task constraints	one R2 object must render in the comment and remain downloadable from footage without a second storage lifecycle	apps/studio/migrations/0004_reviews.sql	VERIFIED
2026-09-12T17:36:00Z	draft-duration	persist browser-native duration metadata in integer milliseconds at upload begin	R2 preserves original bytes but does not provide media duration and bounded anchors need one durable task-scoped source	apps/studio/src/domain/reviews.ts	VERIFIED
2026-09-12T18:30:00Z	comparison-state	keep the selected pair in URL search and all mutable review state inside two keyed instances of the existing pane	URL-owned IDs make reloads deterministic while side-and-draft keys reset only the changed pane and preserve the other pane's playback and composer	apps/studio/src/routes/_app.videos_.$videoId_.compare.tsx	VERIFIED
2026-09-12T18:34:00Z	comparison-routing	register comparison as a non-nested sibling of the task detail route	TanStack nested the first file name under a component without an outlet, so the URL changed while the detail page remained visible; the trailing non-nesting underscore makes the generated parent the authenticated app route	apps/studio/src/routeTree.gen.ts	VERIFIED
2026-09-12T18:50:00Z	production-email	use native Cloudflare Email Sending from an isolated sender domain	the account enabled structured Worker sends for studio-mail.youraveragetechbro.com without recipient verification while binding restrictions preserve the two-address product boundary	apps/studio/src/server/email.server.ts	VERIFIED
2026-09-12T18:56:00Z	production-bootstrap	create the Worker with a route-free generated build config before attaching production triggers	Wrangler versions upload cannot create a new Worker; the temporary config allowed workers.dev boundary proof before the authoritative custom domain and cron were attached	artifacts/studio/STUDIO-07-production-resources.txt	VERIFIED
2026-09-12T18:59:00Z	production-observability	disable invocation logs while retaining errors and explicit logs	a live Tail probe exposed a synthetic query despite redact_query_string; Better Auth verification and reset tokens use queries, so removing stored request URLs is safer than relying on ambiguous real-time versus persisted redaction semantics	apps/studio/wrangler.jsonc	VERIFIED
